{
	"JobID": "15",
	"Individuals": 50,
	"Inputs": [
		[
			0,
			154.18119699682868,
			0.5728941562016858,
			102.32307938516324,
			3.9626439483441175
		],
		[
			1,
			133.6529403334424,
			-0.40622714655365907,
			80.70690543077345,
			4.796221719623276
		],
		[
			2,
			151.02276366435053,
			-0.09330625375983655,
			84.3636400840974,
			5.063893680739622
		],
		[
			3,
			132.51640764833318,
			-0.9044884670273082,
			94.77475149629999,
			3.117078212638367
		],
		[
			4,
			139.86911191904415,
			0.0563990311093816,
			87.11414500363742,
			5.863718072332641
		],
		[
			5,
			157.08263962153323,
			-0.4289132313632922,
			100.80828540387036,
			3.14366470179343
		],
		[
			6,
			167.07046213294428,
			0.4982078056055663,
			98.9931289150977,
			4.203452807952416
		],
		[
			7,
			137.9661530163373,
			0.026215628755926647,
			107.47321657762042,
			4.0691644131146529
		],
		[
			8,
			152.59820728629283,
			-0.926305947148037,
			94.34949037492511,
			4.774157573365892
		],
		[
			9,
			142.93012573494924,
			-1.1723580990246312,
			98.04083847987377,
			5.0990737844095979
		],
		[
			10,
			176.04921064637416,
			0.545188063334064,
			99.32957026082248,
			3.134026839624399
		],
		[
			11,
			157.37575534714495,
			-0.6914308022741853,
			92.44645969624011,
			3.109269346871625
		],
		[
			12,
			154.74593904081349,
			0.5728941562016858,
			103.49403500829109,
			3.9626439483441175
		],
		[
			13,
			137.96080140863044,
			0.660380213927239,
			107.47321657762042,
			4.126392210017675
		],
		[
			14,
			130.74297678959716,
			-0.8460835236987947,
			94.71792312075982,
			5.2520956816546209
		],
		[
			15,
			154.74593904081349,
			0.6693322741557549,
			102.30909248522845,
			3.0053818090838515
		],
		[
			16,
			133.0935645729625,
			-0.5060628832284865,
			79.46279563120527,
			3.0843798627339495
		],
		[
			17,
			171.98098165177258,
			-0.5841565997975873,
			95.29365894411274,
			3.9999357183798409
		],
		[
			18,
			143.87111944221469,
			-0.5886745798872745,
			81.690675460551,
			8.698284303140503
		],
		[
			19,
			140.51055371077443,
			0.12380989597033082,
			102.47383753281116,
			3.133110357273693
		],
		[
			20,
			133.56449410883716,
			-0.4452490371174193,
			79.53103868966834,
			6.518013917204526
		],
		[
			21,
			130.4766441703022,
			-0.2970361839093692,
			80.64657481768869,
			4.796221719623276
		],
		[
			22,
			132.9523468456865,
			0.2527870703968167,
			83.26846911384682,
			5.053478955660247
		],
		[
			23,
			170.45169754370429,
			-0.07657238890236662,
			104.33119088567104,
			3.9999357183798409
		],
		[
			24,
			164.79771772209498,
			-1.1893979064008736,
			76.95148151340112,
			3.2900990875998756
		],
		[
			25,
			146.99614910825285,
			0.26607310672280029,
			85.20131187024178,
			5.063893680739622
		],
		[
			26,
			135.41161500901175,
			-0.23294519694941646,
			109.23927314867473,
			5.306791007788165
		],
		[
			27,
			167.2074902357939,
			-0.854112216071321,
			105.64863505527677,
			3.3710100560176849
		],
		[
			28,
			187.26698816571747,
			-0.12764325675310254,
			79.52958680711629,
			4.58000784457415
		],
		[
			29,
			170.45945594472165,
			0.8977091885052393,
			108.96818522905183,
			3.563369228384802
		],
		[
			30,
			130.6098061876137,
			-0.5060628832284865,
			99.20925053849862,
			4.8798157150592129
		],
		[
			31,
			171.22183366107377,
			0.6566222609836547,
			109.05519010185124,
			4.126392210017675
		],
		[
			32,
			139.39182525786229,
			-0.8701860723145216,
			80.07721156260362,
			3.17987906618557
		],
		[
			33,
			139.5796382877499,
			-0.29368448915292447,
			105.51068362719109,
			3.4488719435353034
		],
		[
			34,
			154.74593904081349,
			0.6898845668393945,
			76.92293766078848,
			3.9626439483441175
		],
		[
			35,
			137.96080140863044,
			0.8725716726956583,
			106.87592948926403,
			4.126392210017675
		],
		[
			36,
			165.08092781424106,
			-1.2921475520689712,
			106.57080859390759,
			3.3710100560176849
		],
		[
			37,
			164.79771772209498,
			-0.9294282993859232,
			77.00107960587708,
			3.2900990875998756
		],
		[
			38,
			187.18762485134386,
			0.24284516144304303,
			104.24035150471188,
			4.083359128147273
		],
		[
			39,
			171.52966183803148,
			-0.9206348910687733,
			94.32261218631629,
			5.42018020218035
		],
		[
			40,
			180.3424236259384,
			-0.11449855102226903,
			89.65955866504753,
			3.613597796570928
		],
		[
			41,
			134.0077916591994,
			-0.9690900197615608,
			88.85506994034209,
			7.526038084322893
		],
		[
			42,
			157.37575534714495,
			-0.7006799635590436,
			92.28437984840704,
			3.06072203298197
		],
		[
			43,
			157.62971993103643,
			0.16163061132767812,
			79.04855995757777,
			4.665579020209451
		],
		[
			44,
			174.3496477991396,
			-0.05534335439279084,
			102.4066547349024,
			3.9999357183798409
		],
		[
			45,
			144.1566963700544,
			-1.3055624178901249,
			94.34804716296806,
			5.341322540507941
		],
		[
			46,
			169.56033816419748,
			-0.07859585147527068,
			102.3957929798326,
			3.338904124725295
		],
		[
			47,
			142.335728768846,
			-1.025039622585072,
			83.09745654665609,
			5.330907815428567
		],
		[
			48,
			139.02263013761979,
			-0.12454074596039402,
			102.0559246698181,
			3.21880928361081
		],
		[
			49,
			153.09329720451107,
			0.6898845668393945,
			76.19990367758544,
			3.9626439483441175
		]
	],
	"SimulationNames": [],
	"SystemPropertyValues": []
}